{
    "swagger": "2.0",
    "info": {
        "version": "1.0.0",
        "title": "Babar assignment PIF Project",
        "description": "PIF Application API",
        "license": {
            "name": "MIT",
            "url": "https://opensource.org/licenses/MIT"
        }
    },
    "host": "localhost:3000",
    "basePath": "/",
    "tags": [
        {
            "name": "student and courses",
            "description": "API for students in the PIF system"
        }
    ],
    "schemes": [
        "http"
    ],
    "consumes": [
        "application/json"
    ],
    "produces": [
        "application/json"
    ],
    "paths": {
        "/api/getAllData": {
            "get": {
                "tags": [
                    "Student and Courses"
                ],
                "summary": "Get all data in system",
                "responses": {
                    "200": {
                        "description": "OK"
                    }
                }
            }
        },
        "/api/addStudent": {
            "post": {
                "tags": [
                    "Student"
                ],
                "parameters": [
                    {
                        "name": "student",
                        "in": "body",
                        "description": "student that we want to create",
                        "schema": {
                            "required": [
                                "name"
                            ],
                            "properties": {
                                "name": {
                                    "type": "string"
                                }
                                
                            },
                            "companies": {
                                "type": "array",
                                "items": {
                                    "type": "string"
                                }
                            }
                        }
                    }
                ],
                "summary": "addNeStudent in the system",
                "responses": {
                    "200": {
                        "description": "OK"
                    }
                }
            }
        }
    }
}